Publisher_ID,PublisherName,PublisherAddress,ISBN
75-631-3992,Redford Arminger,26354 Merchant Drive,82-617-0351
56-602-9350,Vivyanne Fishe,633 Shopko Way,50-262-2947
74-283-5490,Alidia Whitecross,8966 Butterfield Terrace,71-960-0218
30-909-2035,Klara Blenkensop,67 Parkside Center,57-171-5508
68-282-9838,Darby Vossgen,5352 Talmadge Way,48-761-2744
45-054-1104,Nataniel Duggleby,04901 Westend Pass,50-449-3730
57-842-2255,Chrissie Rivelon,05 Mendota Plaza,75-771-7839
03-797-6334,Thorin Morrid,53 Atwood Center,57-171-5508
66-280-0115,Minta Blodgett,8 Eggendart Street,77-564-4687
09-205-1283,Ree Squibbes,820 Kim Way,74-974-1373
04-015-2518,Sibbie Pepler,7168 Sauthoff Parkway,57-043-1883
61-513-3652,Jeniece Singh,171 Warbler Road,75-771-7839
06-312-0335,Ellene Ygo,39 Lakewood Gardens Road,25-833-9152
94-588-5962,Inge Whitchurch,66 Fairview Terrace,25-833-9152
62-174-6593,Ursuline Falks,48 Menomonie Parkway,62-141-6373
79-679-0783,Simone Chalfont,7521 Caliangt Avenue,57-043-1883
53-574-2020,Thurstan Boig,56 Grasskamp Pass,25-833-9152
26-714-5396,Cammy Haffner,9 Sloan Terrace,57-171-5508
45-577-3322,Harli Raistrick,515 7th Terrace,62-141-6373
25-813-5862,Rosanna Unthank,3 Lotheville Way,57-171-5508
17-321-2921,Darcey Mackleden,38 Delaware Lane,19-746-2096
34-371-3458,Britt Astling,2 Forest Plaza,50-449-3730
68-881-3405,Marthe Dewing,96643 American Ash Street,50-262-2947
21-955-2802,Bron Milliken,047 Shelley Way,25-833-9152
81-553-8641,Hewitt Dickens,473 Spohn Terrace,10-052-3652
51-139-5542,Minda Walby,58875 Kinsman Place,20-903-9704
97-857-3808,Ed Adamolli,88 6th Alley,19-746-2096
19-975-1771,Ky Rous,15182 Evergreen Pass,82-142-4856
97-970-2413,Roddy Paolino,9 Kennedy Road,10-052-3652
72-591-7652,Jessey Graveson,03021 Golden Leaf Parkway,87-918-1937
,,,71-960-0218
,,,39-746-5336
,,,48-761-2744
,,,63-156-9010
,,,65-701-8749
,,,20-903-9704
,,,19-746-2096
,,,12-905-6807
,,,92-352-0112
,,,22-106-9106
,,,50-449-3730
,,,46-912-9105
,,,87-918-1937
,,,62-141-6373
,,,01-224-6206
,,,82-142-4856
,,,74-974-1373
,,,91-366-7061
,,,47-804-9886
,,,20-732-4745
,,,77-564-4687
,,,57-043-1883
,,,82-617-0351
,,,25-833-9152
,,,10-052-3652
,,,50-262-2947
,,,53-302-2977
,,,06-992-8087
,,,75-771-7839
,,,57-171-5508
